Date,Item,Supplier,Amount,Paid Via,Category,Purchasee,Full Amount,TIN,Invoice No.,Address
"September 23, 2025",,"Kmakatimart whipping cream, mascarpone",₱4275.00,Non-Cash,Supplies,Store,,,,
"September 23, 2025",,Lalamove fee warabimochi,₱178.00,Cash,Delivery,Store,,,,
"September 22, 2025",Lalamove,Delivery,₱150.00,Cash,Supplies,Store,,,,
"September 22, 2025",,R&BTube Ice,₱225.00,Cash,Supplies,Store,,,,
"September 22, 2025",Supermarket,Grocery,₱1023.00,Cash,Supplies,Store,,,,
"September 21, 2025",,Sn R whipped cream and white sugar,₱2718.45,Non-Cash,Supplies,Store,,,,
"September 21, 2025",,Fruitas coconut water 1L,₱170.00,Cash,Supplies,Store,,,,
"September 21, 2025",,Lalamove fee warabi mochi,₱150.00,Cash,Delivery,Store,,,,
"September 21, 2025",,Ivoryway ice,₱225.00,Cash,Supplies,Store,,,,
"September 20, 2025",,Tx concept group inc. paperbag small,₱440.00,Non-Cash,Supplies,Store,,,,
"September 20, 2025",,Ivoryway ice,₱135.00,Cash,Supplies,Store,,,,
"September 19, 2025",,Lalamove fee cookies,₱120.00,Cash,Delivery,Store,,,,
"September 19, 2025",,Lalamove grab food error,₱83.00,Cash,Delivery,Store,,,,
"September 19, 2025",,Food Alley Banana,₱99.00,Cash,Supplies,Store,,,,
"September 19, 2025",,"S&R whipped cream, white sugar, trash bags",₱3702.30,Non-Cash,Supplies,Store,,,,
"September 19, 2025",,Ivoryway ice,₱180.00,Cash,Supplies,Store,,,,
"September 19, 2025",,"Sm Everwhip, Egg medium",₱572.75,Cash,Supplies,Store,,,,
"September 19, 2025",,"Bakers choice, dairy oat",₱6470.00,Non-Cash,Supplies,Store,,,,
"September 19, 2025",,Fruitas coconut water 1L,₱170.00,Cash,Supplies,Store,,,,
"September 19, 2025",,Lalamove fee cups and lids,₱150.00,Cash,Delivery,Store,,,,
"September 19, 2025",,Lalamove fee dairy and oatmilk,₱411.00,Cash,Delivery,Store,,,,
"September 18, 2025",Marscapone,Kmakati Mart,₱4725.00,Non-Cash,Supplies,Store,,,,
"September 18, 2025",,Plainsight 2L coffee beans,₱3136.00,Non-Cash,Supplies,Store,,,,
"September 18, 2025",,Lalamove Icecream,₱148.00,Cash,Delivery,Store,,,,
"September 18, 2025",,Lalamove Warabimochi,₱135.00,Cash,Delivery,Store,,,,
"September 17, 2025",,Bakers choice white chocolate sauce,₱890.00,Non-Cash,Supplies,Store,,,,
"September 17, 2025",,Fruitas Coconut Water,₱85.00,Cash,Supplies,Store,,,,
"September 17, 2025",,Food Alley Banana,₱190.00,Cash,Supplies,Store,,,,
"September 17, 2025",,Lalamove fee white chocolate sauce,₱200.00,Cash,Delivery,Store,,,,
"September 17, 2025",,Lalamove fee cups and lids,₱155.00,Cash,Delivery,Store,,,,
"September 17, 2025",,Ivoryway ice,₱335.00,Cash,Supplies,Store,,,,
"September 17, 2025",,"Haig and Leg Coffee Straw 6mm, Cupholder 2's",₱1626.00,Non-Cash,Supplies,Store,,,,
"September 16, 2025",,Ice,₱112.00,Cash,Supplies,Store,,,,
"September 16, 2025",lalamove,Warabi,₱176.00,Cash,Supplies,Store,,,,
"September 15, 2025",,Bakers choice dairy milk,₱4710.00,Non-Cash,Supplies,Store,,,,
"September 15, 2025",,Lalamove fee cookies,₱150.00,Cash,Delivery,Store,,,,
"September 15, 2025",,Ivoryway ice,₱337.50,Cash,Supplies,Store,,,,
"September 15, 2025",,Lalamove Fee Oat And dairy,₱411.00,Cash,Delivery,Store,,,,
"September 14, 2025",,"S&R Whipped Cream, White Sugar.",₱3117.45,Non-Cash,Supplies,Store,,,,
"September 14, 2025",,Ivoryway ice,₱225.00,Cash,Supplies,Store,,,,
"September 14, 2025",,Lalamove Warabimochi,₱190.00,Cash,Delivery,Store,,,,
"September 14, 2025",,Fruitas Cocnut Water,₱170.00,Cash,Supplies,Store,,,,
"September 13, 2025",,Ice,₱112.50,Cash,Supplies,Store,,,,
"September 13, 2025",tape-stpl,Nbs,₱180.00,Cash,Supplies,Store,,,,
"September 12, 2025",,Bakers choice dairy and oatmilk,₱6450.00,Non-Cash,Supplies,Store,,,,
"September 12, 2025",,Irish Luck Inc 16oz cups and lids,₱4317.60,Non-Cash,Supplies,Store,,,,
"September 12, 2025",,Food Alley Banana,₱110.00,Cash,Supplies,Store,,,,
"September 12, 2025",,Plain Sight Coffee Beans,₱3136.00,Non-Cash,Supplies,Store,,,,
"September 12, 2025",,Ac Packaging online store,₱360.00,Non-Cash,Supplies,Store,,,,
"September 12, 2025",,"AC packaging online store straw 6mm, 12mm",₱1160.00,Non-Cash,Supplies,Store,,,,
"September 12, 2025",,Lalamove fee Cookies,₱150.00,Cash,Delivery,Store,,,,
"September 12, 2025",,R&BTube Ice,₱180.00,Cash,Supplies,Store,,,,
"September 12, 2025",,Lalamove Dairymilk oat,₱620.00,Cash,Delivery,Store,,,,
"September 12, 2025",,12oz cups (lalamove),₱368.00,Cash,Delivery,Store,,,,
"September 12, 2025",,Paper bag & Straws (lalamove),₱140.00,Cash,Delivery,Store,,,,
"September 11, 2025",,Watsons medicine kit,₱216.50,Cash,Supplies,Store,,,,
"September 11, 2025",,Fruitas coocnut water,₱170.00,Cash,Supplies,Store,,,,
"September 11, 2025",,"Sm Supermarket Egg, White sugar,",₱828.25,Cash,Supplies,Store,,,,
"September 11, 2025",,Lalamove fee warabi mochi,₱176.00,Cash,Delivery,Store,,,,
"September 11, 2025",,S&R Whipping Cream 6L,₱2765.70,Non-Cash,Supplies,Store,,,,
"September 10, 2025",,Banana,₱110.00,Cash,Supplies,Store,,,,
"September 10, 2025",ice,Ivory,₱225.00,Cash,Supplies,Store,,,,
"September 10, 2025",gloves,Watson,₱203.00,Cash,Supplies,Store,,,,
"September 9, 2025",,"Allegro Corp. Oatmilk, earlgrey",₱4150.00,Non-Cash,Supplies,Store,,,,
"September 9, 2025",,Ivoryway ice,₱112.50,Cash,Supplies,Store,,,,
"September 9, 2025",,Lalamove fee Warabimochi,₱180.00,Cash,Delivery,Store,,,,
"September 9, 2025",,"Lalamove fee oatmilk, earlgrey",₱300.00,Cash,Delivery,Store,,,,
"September 8, 2025",,Lalamove fee dairy milk,₱329.00,Cash,Delivery,Store,,,,
"September 8, 2025",,Lalamove fee cookies,₱150.00,Cash,Delivery,Store,,,,
"September 8, 2025",,Builtamart mascarpone,₱1140.00,Non-Cash,Supplies,Store,,,,
"September 8, 2025",,"Sn R whipped cream, white sugar",₱3179.40,Non-Cash,Supplies,Store,,,,
"September 8, 2025",,Ivoryway ice,₱337.50,Cash,Supplies,Store,,,,
"September 8, 2025",,Marketplace dairy 10L,₱1215.00,Non-Cash,Supplies,Store,,,,
"September 8, 2025",,Laciate Dairy 5 boxes,₱4800.00,Non-Cash,Supplies,Store,,,,
"September 7, 2025",warabi,Lalamovefee,₱176.00,Cash,Delivery,Store,,,,
"September 7, 2025",5,R&BTube Ice,₱135.00,Cash,Supplies,Store,,,,
"September 7, 2025",Coconut Water1000m L,Fruitas,₱160.00,Cash,Supplies,Store,,,,
"September 6, 2025",,Lalamove fee ice cream tubs,₱312.00,Cash,Delivery,Store,,,,
"September 6, 2025",,Ivoryway ice,₱225.00,Cash,Supplies,Store,,,,
"September 6, 2025",,Grab fee whipped cream,₱100.00,Cash,Delivery,Store,,,,
"September 6, 2025",,Sn R whipped cream,₱2765.70,Non-Cash,Supplies,Store,,,,
"September 5, 2025",,Customer change,₱150.00,Cash,Supplies,Store,,,,
"September 5, 2025",,Ivoryway ice,₱225.00,Cash,Supplies,Store,,,,
"September 5, 2025",,Kamote,₱93.00,Cash,Supplies,Store,,,,
"September 5, 2025",,Cookies lalamove,₱150.00,Cash,Delivery,Store,,,,
"September 5, 2025",,Lalamove fee 16oz lids,₱666.00,Cash,Delivery,Store,,,,
"September 5, 2025",,Lalamove fee Oatside (5box) Nobo(3L),₱296.00,Cash,Delivery,Store,,,,
"September 4, 2025",,Lalamove fee Strawberry syrup,₱104.00,Cash,Delivery,Store,,,,
"September 4, 2025",,"Sm trash bags, warabi sauce container, medium eggs",₱951.50,Cash,Supplies,Store,,,,
"September 4, 2025",,"National Bookstore Scotch Tape, pen marker, battery",₱494.00,Cash,Supplies,Store,,,,
"September 4, 2025",,Sn R whipped cream,₱2765.70,Non-Cash,Supplies,Store,,,,
"September 4, 2025",,"Bakers choice white choco sauce, everwhip, bunge",₱1280.00,Non-Cash,Supplies,Store,,,,
"September 4, 2025",,"Bakers choice salted caramel, dairymilk",₱5240.00,Non-Cash,Supplies,Store,,,,
"September 4, 2025","Lalamove Fee white Choci,Bunge,Everwip",Delivery,₱203.00,Cash,Supplies,Store,,,,
"September 4, 2025",Lalamove Fee Warabi Mochi,Delivery,₱171.00,Cash,Supplies,Store,,,,
"September 3, 2025",,Plain Sight,₱3136.00,Non-Cash,Supplies,Store,,,,
"September 3, 2025",Grab Mart,Delivery,₱2274.00,Non-Cash,Supplies,Store,,,,
"September 3, 2025",,Lalamove Tip,₱130.00,Cash,Delivery,Store,,,,
"September 3, 2025",Coconut Water1500ml,Fruitas,₱255.00,Cash,Supplies,Store,,,,
"September 3, 2025",8bags,R&BTube Ice,₱180.00,Cash,Supplies,Store,,,,
"September 2, 2025",,Ivoryway ice,₱90.00,Cash,Supplies,Store,,,,
"September 1, 2025",,Arla whipping cream (4) (sm supermarket),₱1964.00,Cash,Supplies,Store,,,,
"September 1, 2025",,Ivoryway ice,₱337.50,Cash,Supplies,Store,,,,
"August 31, 2025",,"Robinsons supermarket dairy, whipped cream, dalandan concentrate, condensed milk",₱2495.00,Non-Cash,Supplies,Store,,,,
"August 31, 2025",,Ivorywayice,₱225.00,Cash,Supplies,Store,,,,
"August 31, 2025",,Fruitas Coconut water,₱170.00,Cash,Supplies,Store,,,,
"August 30, 2025",Supermarket,Grocery,₱2752.00,Cash,Supplies,Store,,,,
"August 30, 2025",,Delivery Tip Grab,₱100.00,Cash,Delivery,Store,,,,
"August 30, 2025",,R&BTube Ice,₱295.00,Cash,Supplies,Store,,,,
"August 29, 2025",,Aab,₱340.00,Non-Cash,Supplies,Store,,,,
"August 29, 2025",Whipping Cream,AAB,₱2673.00,Non-Cash,Supplies,Store,,,,
"August 29, 2025",,R&BTube Ice,₱225.00,Cash,Supplies,Store,,,,
"August 29, 2025",Lalamove,Delivery,₱240.00,Cash,Supplies,Store,,,,
"August 29, 2025",Lalamove,Delivery,₱140.00,Cash,Supplies,Store,,,,
"August 29, 2025",,Banana1kg,₱170.00,Cash,Supplies,Store,,,,
"August 28, 2025",Grab Mart,Delivery,₱1843.00,Non-Cash,Supplies,Store,,,,
"August 28, 2025",Coconut Water500mlx2,Fruitas,₱170.00,Cash,Supplies,Store,,,,
"August 27, 2025",,Ivoryway ice,₱270.00,Cash,Supplies,Store,,,,
"August 27, 2025",,"Ac packaging store paperbag L, 4's cupholder",₱956.00,Non-Cash,Supplies,Store,,,,
"August 27, 2025",,Alllegro Oatmilk 30L,₱6600.00,Non-Cash,Supplies,Store,,,,
"August 27, 2025",,MDR consumer goods trading Dairymilk 60L everhiwp,₱4710.00,Non-Cash,Supplies,Store,,,,
"August 26, 2025",,Haig and lee import export corp wooden spoon straw 6mm,₱3274.00,Non-Cash,Supplies,Store,,,,
"August 26, 2025",,Ivoryway ice,₱112.50,Cash,Supplies,Store,,,,
"August 26, 2025",,Warabi mochi (lalamove),₱171.00,Cash,Delivery,Store,,,,
"August 25, 2025",,"Irish luck inc, 12oz lids, cups, dome lids and 16oz lids, cups, dome lids",₱6361.60,Non-Cash,Supplies,Store,,,,
"August 25, 2025",,Aab baking goods and supplie anchor whipped cream,₱723.00,Non-Cash,Supplies,Store,,,,
"August 25, 2025",,"S&R White sugar, whipped cream, oatmilk",₱2970.45,Non-Cash,Supplies,Store,,,,
"August 25, 2025",,Kukido Cookie Corp. Cookies,₱6545.00,Non-Cash,Supplies,Store,,,,
"August 25, 2025",,Lalamove fee warabimochi,₱247.00,Cash,Delivery,Store,,,,
"August 25, 2025",,Grab MOA supplies,₱414.00,Cash,Delivery,Store,,,,
"August 25, 2025",,Lalamove fee cups and lids,₱213.00,Cash,Delivery,Store,,,,
"August 25, 2025",,Lalamove fee drink,₱130.00,Cash,Delivery,Store,,,,
"August 25, 2025",,Lalamove fee cookies,₱160.00,Cash,Delivery,Store,,,,
"August 25, 2025",,Ivoryway ice,₱225.00,Cash,Supplies,Store,,,,
"August 24, 2025",,FMPT Supplies Trading Straws 6mm 500pcs,₱575.00,Non-Cash,Supplies,Store,,,,
"August 24, 2025",,Waltermat Supermarket Oatside milk,₱1215.00,Non-Cash,Supplies,Store,,,,
"August 24, 2025",Coconut Water1L,Fruitas,₱160.00,Cash,Supplies,Store,,,,
"August 24, 2025",10,R&BTube Ice,₱225.00,Cash,Supplies,Store,,,,
"August 23, 2025",,Ivoryway ice,₱225.00,Cash,Supplies,Store,,,,
"August 23, 2025",,"MDRconsumer goods trading dairymilk, white sugar",₱4000.00,Non-Cash,Supplies,Store,,,,
"August 23, 2025",,Banana food alley,₱160.00,Cash,Supplies,Store,,,,
"August 22, 2025",,"S&R oatmilk, mascarpone, whipped cream",₱6411.30,Non-Cash,Supplies,Store,,,,
"August 22, 2025",,TDC oatmilk 2L,₱420.00,Cash,Supplies,Store,,,,
"August 22, 2025",,Ice,₱202.50,Cash,Supplies,Store,,,,
"August 22, 2025",Egg Large Tray,Builtamart,₱380.00,Non-Cash,Supplies,Store,,,,
"August 21, 2025",battery,Erdy,₱374.00,Cash,Supplies,Store,,,,
"August 21, 2025",Cookies,Lalamove Fee,₱160.00,Cash,Delivery,Store,,,,
"August 21, 2025",redelivered for grab,Lalamove Fee,₱139.00,Cash,Delivery,Store,,,,
"August 21, 2025",,Ice,₱295.00,Cash,Supplies,Store,,,,
"August 21, 2025",,Lalamove Fee,₱150.00,Cash,Delivery,Store,,,,
"August 20, 2025",,Dishwashing liquid,₱215.00,Cash,Supplies,Store,,,,
"August 20, 2025",,"S&R whipped cream, unsalted butter, eggs",₱3081.75,Non-Cash,Supplies,Store,,,,
"August 20, 2025",,Aj fruit house Banana,₱135.00,Cash,Supplies,Store,,,,
"August 20, 2025",,Lalamove fee Warabi mochi,₱171.00,Cash,Delivery,Store,,,,
"August 20, 2025",,Ivoryway ice,₱170.00,Cash,Supplies,Store,,,,
"August 20, 2025",,Fruitas coconut water,₱170.00,Cash,Supplies,Store,,,,
"August 19, 2025",,Refund Customer (No stock of Oatmilk),₱50.00,Cash,Supplies,Store,,,,
"August 19, 2025",,Boduo Raw Milktea Hub Customer Tissue 60 packs,₱2486.40,Non-Cash,Supplies,Store,,,,
"August 19, 2025",,Greenstar one enterprises Strawberry Syrup 2L,₱1980.00,Non-Cash,Supplies,Store,,,,
"August 19, 2025",,Ivoryway ice,₱112.50,Cash,Supplies,Store,,,,
"August 19, 2025",,"MDR Consumer goods Dairy Milk, White choco syrup",₱4570.00,Non-Cash,Supplies,Store,,,,
"August 18, 2025",Lalamove,Delivery,₱140.00,Cash,Supplies,Store,,,,
"August 18, 2025",Scotchtapes,NBS,₱150.00,Cash,Supplies,Store,,,,
"August 18, 2025",,Tube Ice,₱135.00,Cash,Supplies,Store,,,,
"August 17, 2025",Lalamove,Delivery,₱171.00,Cash,Supplies,Store,,,,
"August 17, 2025",,"SM Sesalt, Clingwrap, Warabi Sauce Container",₱610.00,Cash,Supplies,Store,,,,
"August 17, 2025",,NBS Marker Pen,₱126.00,Cash,Supplies,Store,,,,
"August 17, 2025",,Ivoryway Ice,₱202.50,Cash,Supplies,Store,,,,
"August 17, 2025",,Fruitas Coconut Water 1L,₱170.00,Cash,Supplies,Store,,,,
"August 17, 2025",,"S&R White Sugar, Ehipped Cream",₱3132.15,Non-Cash,Supplies,Store,,,,
"August 16, 2025",Everwhip,MDRBaking&Restaurant Supplies,₱5010.00,Non-Cash,Supplies,Store,,,,
"August 16, 2025",Lalamove,Delivery,₱180.00,Cash,Supplies,Store,,,,
"August 16, 2025",Banana,Food Alley,₱128.00,Cash,Supplies,Store,,,,
"August 16, 2025",Coconut Water500ml,Fruitas,₱170.00,Cash,Supplies,Store,,,,
"August 16, 2025",10,R&BTube Ice,₱225.00,Cash,Supplies,Store,,,,
"August 15, 2025",devondalex5,Milk,₱811.00,Cash,Supplies,Store,,,,
"August 15, 2025",icecreampan,Lalamove,₱150.00,Cash,Delivery,Store,,,,
"August 15, 2025",,Ice,₱295.00,Cash,Supplies,Store,,,,
"August 15, 2025",sm,Ice,₱112.00,Cash,Supplies,Store,,,,
"August 15, 2025",lalamove,Cookies,₱140.00,Cash,Supplies,Store,,,,
"August 15, 2025",icetube,Lalamove,₱121.00,Cash,Delivery,Store,,,,
"August 14, 2025",,Lalamove fee Warabi mochi,₱171.00,Cash,Delivery,Store,,,,
"August 14, 2025",,TDC Oatmilk 1L,₱210.00,Cash,Supplies,Store,,,,
"August 14, 2025",,Tube ice (5pcs),₱344.00,Cash,Supplies,Store,,,,
"August 13, 2025",,Big Mommymilf Pizza,₱1229.00,Cash,Supplies,Store,,,,
"August 13, 2025",10,R&BTube Ice,₱225.00,Cash,Supplies,Store,,,,
"August 13, 2025","Maskingtape, Salesbook",NBS,₱131.00,Cash,Supplies,Store,,,,
"August 13, 2025",,Lalamove rider tip,₱50.00,Cash,Delivery,Store,,,,
"August 12, 2025",Lalamove,Delivery,₱4536.00,Non-Cash,Supplies,Store,,,,
"August 12, 2025",Grabmart,Delivery,₱150.00,Cash,Supplies,Store,,,,
"August 12, 2025",Lalamove,Delivery,₱171.00,Cash,Supplies,Store,,,,
"August 12, 2025",6,R&BTube Ice,₱135.00,Cash,Supplies,Store,,,,
"August 12, 2025",S&R,Delivery,₱2995.00,Non-Cash,Supplies,Store,,,,
"August 12, 2025",Coconut Water1000ml,Fruitas,₱170.00,Cash,Supplies,Store,,,,
"August 12, 2025",,Food Alley Egg Small 6pcs,₱90.00,Cash,Supplies,Store,,,,
"August 11, 2025",,"Dalandan Concetrate, Oatmlikl",₱4015.00,Non-Cash,Supplies,Store,,,,
"August 11, 2025",Lalamove,Delivery,₱140.00,Cash,Supplies,Store,,,,
"August 11, 2025",,Ice,₱225.00,Cash,Supplies,Store,,,,
"August 11, 2025",,Refund of Customer (Card to Cash),₱170.00,Cash,Supplies,Store,,,,
"August 10, 2025",Lalamove,Delivery,₱171.00,Cash,Supplies,Store,,,,
"August 10, 2025",,Egg12,₱180.00,Cash,Supplies,Store,,,,
"August 10, 2025",S&R,Delivery,₱2819.00,Non-Cash,Supplies,Store,,,,
"August 10, 2025",12,R&BTube Ice,₱270.00,Cash,Supplies,Store,,,,
"August 10, 2025",Coconut Water1000ml,Fruitas,₱170.00,Cash,Supplies,Store,,,,
"August 9, 2025",,Ivoryway Ice,₱225.00,Cash,Supplies,Store,,,,
"August 9, 2025",,National Bookstore Tape,₱272.00,Cash,Supplies,Store,,,,
"August 8, 2025","Whipping Cream4L, Bunge1L, DLASb1Can",Global Pacific,₱4075.00,Non-Cash,Supplies,Store,,,,
"August 8, 2025",Battery,NBS,₱187.00,Cash,Supplies,Store,,,,
"August 8, 2025",11,R&BTube Ice,₱247.00,Cash,Supplies,Store,,,,
"August 8, 2025","6mm Straw500, 12mm Straw100, Cup Holer100",ACPackaging,₱1380.00,Non-Cash,Supplies,Store,,,,
"August 7, 2025",Coconut Water1000ml,Fruitas,₱170.00,Cash,Supplies,Store,,,,
"August 7, 2025",Monin Strawberry4L,Greenstar,₱1980.00,Non-Cash,Supplies,Store,,,,
"August 7, 2025",Oatside24L,Landers,₱3076.00,Non-Cash,Supplies,Store,,,,
"August 7, 2025",,Laciate60L,₱4800.00,Non-Cash,Supplies,Store,,,,
"August 7, 2025",Supermarket,Grocery,₱133.00,Cash,Supplies,Store,,,,
"August 6, 2025",,Rider Tip,₱50.00,Cash,Supplies,Store,,,,
"August 6, 2025",,Builta Mart Dairy milk 6L,₱834.00,Non-Cash,Supplies,Store,,,,
"August 6, 2025",tdc,Oatside,₱210.00,Cash,Supplies,Store,,,,
"August 5, 2025",Shopee,Delivery,₱191.00,Cash,Supplies,Store,,,,
"August 5, 2025",10,R&BTube Ice,₱225.00,Cash,Supplies,Store,,,,
"August 4, 2025",,"Ac Packaging Online Store Paperbag L, 4 Cups Holder",₱2196.00,Non-Cash,Supplies,Store,,,,
"August 4, 2025",,Lalamove Fee,₱150.00,Cash,Delivery,Store,,,,
"August 4, 2025",,MDR Consumer Goods Salted Caramel Syrup,₱970.00,Non-Cash,Supplies,Store,,,,
"August 4, 2025",Lalamove,Delivery,₱140.00,Cash,Supplies,Store,,,,
"August 4, 2025",Bags,R&BTube Ice,₱225.00,Cash,Supplies,Store,,,,
"August 3, 2025",,Ice,₱225.00,Cash,Supplies,Store,,,,
"August 3, 2025",bucohalf,Frutas,₱170.00,Cash,Supplies,Store,,,,
"August 2, 2025",Laciate Full Cream Milk,Gavinos Group,₱4800.00,Non-Cash,Supplies,Store,,,,
"August 2, 2025",S&R,Delivery,₱3533.25,Non-Cash,Supplies,Store,,,,
"August 2, 2025",7,R&BTube Ice,₱157.50,Cash,Supplies,Store,,,,
"August 1, 2025",Supermarket,Grocery,₱1217.00,Cash,Supplies,Store,,,,
"August 1, 2025",,Banana,₱150.00,Cash,Supplies,Store,,,,
"August 1, 2025",Marker,NBS,₱83.00,Cash,Supplies,Store,,,,
"August 1, 2025",Supermarket,Grocery,₱203.00,Cash,Supplies,Store,,,,
"August 1, 2025",Grab Mart,Delivery,₱2344.00,Non-Cash,Supplies,Store,,,,
"August 1, 2025",13bag,R&BTube Ice,₱292.00,Cash,Supplies,Store,,,,
"August 1, 2025",,Gloves,₱203.00,Cash,Supplies,Store,,,,
"August 1, 2025",Drinks Error Delivery,Lalamove,₱78.00,Cash,Delivery,Store,,,,
"August 1, 2025",,Grab-ICE,₱339.00,Cash,Delivery,Store,,,,
"July 31, 2025",Lalamove,Delivery,₱140.00,Cash,Supplies,Store,,,,
"July 31, 2025",,Sweet potato,₱180.00,Cash,Supplies,Store,,,,
"July 31, 2025",Supermarket,Grocery,₱360.00,Cash,Supplies,Store,,,,
"July 30, 2025",10bag,R&BTube Ice,₱225.00,Cash,Supplies,Store,,,,
"July 30, 2025",Lalamove,Delivery,₱180.00,Cash,Supplies,Store,,,,
"July 30, 2025",Lalamove,Delivery,₱155.00,Cash,Supplies,Store,,,,
"July 29, 2025",Coconut Water1000ml,Fruitas,₱170.00,Cash,Supplies,Store,,,,
"July 29, 2025",,7/11 Ice,₱90.00,Cash,Supplies,Store,,,,
"July 29, 2025",,Ivoryway Ice,₱202.50,Cash,Supplies,Store,,,,
"July 28, 2025",Grab Mart,Delivery,₱1843.00,Non-Cash,Supplies,Store,,,,
"July 28, 2025",,Lalamove fee cookies,₱228.00,Cash,Delivery,Store,,,,
"July 28, 2025",,Arlene's Dairyhouse Mascarpone,₱1870.00,Non-Cash,Supplies,Store,,,,
"July 28, 2025",,"Sm Trash Bags, Dalandan Juice, Condensed milk",₱1143.50,Cash,Supplies,Store,,,,
"July 28, 2025",,Lalamove fee Warabi Mochi,₱150.00,Cash,Delivery,Store,,,,
"July 28, 2025",,Ivoryway ice,₱135.00,Cash,Supplies,Store,,,,
"July 27, 2025",,"MDR Consumer Goods Dairy 60L,White Sugar 5lg",₱4900.00,Non-Cash,Supplies,Store,,,,
"July 27, 2025",,Ivoryway ice,₱247.50,Cash,Supplies,Store,,,,
"July 26, 2025",,Ivoryway Ice,₱270.00,Cash,Supplies,Store,,,,
"July 26, 2025",,Fruitas Coconut Water,₱170.00,Cash,Supplies,Store,,,,
"July 25, 2025",,Pizza,₱1100.00,Cash,Supplies,Store,,,,
"July 25, 2025",,Ivoryway Ice,₱225.00,Cash,Supplies,Store,,,,
"July 25, 2025",tdc,1L oat,₱210.00,Cash,Supplies,Store,,,,
"July 25, 2025",,Refund Cash Money (Customer Gcash Payment),₱100.00,Cash,Supplies,Store,,,,
"July 24, 2025",cookies,Lalamove fee,₱150.00,Cash,Delivery,Store,,,,
"July 23, 2025",,Ivoryway ice,₱180.00,Cash,Supplies,Store,,,,
"July 23, 2025",,Fruitas 1L Coconut Water,₱170.00,Cash,Supplies,Store,,,,
"July 23, 2025",Supermarket,Grocery,₱1286.00,Cash,Supplies,Store,,,,
"July 23, 2025",,Abacus Book and Card Corp. market pens,₱111.00,Cash,Supplies,Store,,,,
"July 21, 2025",,"MDR Consumer Goods Dairy milk 60L, White Sugar 5kh",₱4900.00,Non-Cash,Supplies,Store,,,,
"July 21, 2025",,Lalamove Fee,₱100.00,Cash,Delivery,Store,,,,
"July 21, 2025","Nailcutter,Salonpas,Advil",Watsons,₱425.75,Cash,Supplies,Store,,,,
"July 21, 2025",,R&BTube Ice,₱225.00,Cash,Supplies,Store,,,,
"July 20, 2025",,Ivoryway Ice,₱112.50,Cash,Supplies,Store,,,,
"July 20, 2025",,Lalamove Fee Warsbi,₱190.00,Cash,Delivery,Store,,,,
"July 20, 2025",,Fruitas Coconutwater 1.5L,₱255.00,Cash,Supplies,Store,,,,
"July 20, 2025",,7/11 Ice packs 3,₱90.00,Cash,Supplies,Store,,,,
"July 19, 2025",,Abacus Book and Card Corp. Tape,₱350.00,Cash,Supplies,Store,,,,
"July 19, 2025",,S&R Whipping Cream,₱1382.85,Non-Cash,Supplies,Store,,,,
"July 19, 2025",,Arlenese Dairyhouse Whipped Cream,₱2275.00,Non-Cash,Supplies,Store,,,,
"July 19, 2025",,"Irish Luck INC 16oz Cups, 98mm Strawless lids",₱4536.00,Non-Cash,Supplies,Store,,,,
"July 19, 2025",,7/11 Ice 3 packs,₱90.00,Cash,Supplies,Store,,,,
"July 19, 2025",,Ivoryway Ice,₱135.00,Cash,Supplies,Store,,,,
"July 18, 2025",,"Haig and Lee Import Export INC. Wooder Stir, Straw",₱1240.00,Non-Cash,Supplies,Store,,,,
"July 18, 2025",,Arlene's Dairy House mascarpone,₱1870.00,Non-Cash,Supplies,Store,,,,
"July 18, 2025",,Ivoryway ice,₱112.50,Cash,Supplies,Store,,,,
"July 18, 2025",,Lslamove Cookies,₱126.00,Cash,Supplies,Store,,,,
"July 18, 2025",,Ac Packaging Online Store,₱3671.00,Non-Cash,Supplies,Store,,,,
"July 17, 2025",,"Sm Everwhip, Dalandan, Dishwashing liquid, Sponge",₱795.50,Non-Cash,Supplies,Store,,,,
"July 17, 2025",,Sweet Potato,₱63.00,Cash,Supplies,Store,,,,
"July 17, 2025",,"Global Pacific Strawberry Can 12, Whipping Cream",₱3325.62,Non-Cash,Supplies,Store,,,,
"July 17, 2025",,Lalamove Fee - Sweet potato,₱100.00,Cash,Delivery,Store,,,,
"July 16, 2025",,Grab Rider Tip,₱50.00,Cash,Delivery,Store,,,,
"July 16, 2025",,S&R Whipped Cream 6L,₱2765.70,Non-Cash,Supplies,Store,,,,
"July 16, 2025",,Ivoryway Ice,₱247.50,Cash,Supplies,Store,,,,
"July 16, 2025",,Lalamove Fee Matcha,₱170.00,Cash,Delivery,Store,,,,
"July 16, 2025",,Grab Rider Tip,₱30.00,Cash,Delivery,Store,,,,
"July 15, 2025",Laciate5box,MDR,₱4900.00,Non-Cash,Supplies,Store,,,,
"July 15, 2025",Lalamove,Delivery,₱103.00,Cash,Supplies,Store,,,,
"July 15, 2025",,R&BTube Ice,₱180.00,Cash,Supplies,Store,,,,
"July 15, 2025",,Customer tissue,₱414.40,Non-Cash,Supplies,Store,,,,
"July 14, 2025",,"Arlene's dairyhouse Whipped cream, Dairy milk, Mascarpone",₱3038.00,Non-Cash,Supplies,Store,,,,
"July 14, 2025",,Fruitas Coconut water,₱85.00,Cash,Supplies,Store,,,,
"July 14, 2025",,Ice tube,₱180.00,Cash,Supplies,Store,,,,
"July 14, 2025",,"Sm Supermarket Eggs, White Sugar, Dalandan",₱398.00,Cash,Supplies,Store,,,,
"July 13, 2025",,Ivoryway ice,₱135.00,Cash,Supplies,Store,,,,
"July 12, 2025",8packs,R&BTube Ice,₱180.00,Cash,Supplies,Store,,,,
"July 11, 2025",,Lalamove Fee Cookies,₱140.00,Cash,Delivery,Store,,,,
"July 11, 2025",,Ivoryway Ice,₱225.00,Cash,Supplies,Store,,,,
"July 11, 2025",,Fruitas Coconut Water,₱170.00,Cash,Supplies,Store,,,,
"July 11, 2025",,Watsons Gloves,₱203.00,Cash,Supplies,Store,,,,
"July 11, 2025",,Food Alley 12pcs egg,₱180.00,Cash,Supplies,Store,,,,
"July 9, 2025",,"M.D.R Consumer Goods Trading Dairy. 60L, White sugar 5kg",₱4900.00,Non-Cash,Supplies,Store,,,,
"July 9, 2025",,Ivoryway Ice,₱157.50,Cash,Supplies,Store,,,,
"July 9, 2025",,Grab Rider Tip,₱60.00,Cash,Delivery,Store,,,,
"July 8, 2025",,"Arlenes dairyhouse whipped cream, dairy milk, bunge",₱3468.00,Non-Cash,Supplies,Store,,,,
"July 8, 2025",,Arlene's Dairyhouse mascarpone,₱1710.00,Non-Cash,Supplies,Store,,,,
"July 8, 2025",,"Southeast Asia Retail INC. customer tissue , ladyfingers",₱1398.70,Non-Cash,Supplies,Store,,,,
"July 8, 2025",,Ivoryway ice,₱135.00,Cash,Supplies,Store,,,,
"July 8, 2025",,Egg (food alley),₱180.00,Cash,Supplies,Store,,,,
"July 7, 2025",Correction Tape,NBS,₱65.00,Cash,Supplies,Store,,,,
"July 7, 2025",,Fruitas coconut water,₱160.00,Cash,Supplies,Store,,,,
"July 7, 2025",,"Sm White Sugar, Condensed milk, Whipped Cream, Everwhip",₱1629.50,Cash,Supplies,Store,,,,
"July 7, 2025",,"Irish Luck INC. 16oz Cups, Strawless lids",₱4536.00,Non-Cash,Supplies,Store,,,,
"July 7, 2025",,Lalamove fee - cookies,₱120.00,Cash,Delivery,Store,,,,
"July 7, 2025",,Ivoryway Ice,₱135.00,Cash,Supplies,Store,,,,
"July 6, 2025",S&R,Delivery,₱1843.00,Non-Cash,Supplies,Store,,,,
"July 6, 2025",,R&BTube Ice,₱135.00,Cash,Supplies,Store,,,,
"July 5, 2025",NBS,ADHTape,₱84.00,Cash,Supplies,Store,,,,
"July 5, 2025",,Ice,₱337.50,Cash,Supplies,Store,,,,
"July 4, 2025",,Allegro Beverage Corp. Oatmilk 60L,₱6600.00,Non-Cash,Supplies,Store,,,,
"July 4, 2025",,Storm of Blessing Marketing Thermal Paper,₱900.00,Non-Cash,Supplies,Store,,,,
"July 4, 2025",,Boduo Raw Milktea Hub Customer Tissue,₱414.40,Non-Cash,Supplies,Store,,,,
"July 4, 2025",,Tube ice,₱157.50,Cash,Supplies,Store,,,,
"July 4, 2025",,"Arlene's Dairyhouse Whipping Cream, Mascarpone",₱4418.00,Non-Cash,Supplies,Store,,,,
"July 4, 2025",,"Willard's Enterprises Dairy milk 48L, Whipping Cream 4L",₱6487.04,Non-Cash,Supplies,Store,,,,
"July 3, 2025",,Dishwashing soap,₱173.00,Cash,Supplies,Store,,,,
"July 3, 2025",Supermarket,Grocery,₱612.00,Cash,Supplies,Store,,,,
"July 3, 2025",Coconut Water1000ml,Fruitas,₱160.00,Cash,Supplies,Store,,,,
"July 2, 2025",,"Golden Palco Trading 12oz Lids & Cups, Dome lids",₱5165.44,Non-Cash,Supplies,Store,,,,
"July 2, 2025",,Ivoryway Ice,₱202.00,Cash,Supplies,Store,,,,
"July 1, 2025",,Kamote 2kg,₱200.00,Cash,Supplies,Store,,,,
"July 1, 2025",,Lalamove Warabi Mochi,₱137.00,Cash,Delivery,Store,,,,
"July 1, 2025",,Lalamove Cones,₱190.00,Cash,Delivery,Store,,,,
"July 1, 2025",FICx15 packs,Coneland,₱480.00,Non-Cash,Supplies,Store,,,,
"July 1, 2025",,R&BTube Ice,₱112.00,Cash,Supplies,Store,,,,
"July 1, 2025",,Irish Luck INC. Ice Cream Cups 220pcs,₱1316.00,Non-Cash,Supplies,Store,,,,
"June 30, 2025",,Lalamove Delivery -Whisk and Scoop,₱84.00,Cash,Delivery,Store,,,,
"June 30, 2025",Cookies,Lalamove Fee,₱251.00,Cash,Delivery,Store,,,,
"June 30, 2025","Salted Caramel Syrup, White Choco Syrup, Dairy milk",M.D.R Consumer Goods Trading,₱5620.00,Non-Cash,Supplies,Store,,,,
"June 30, 2025","Chopsticks 100pcs, Mini Spoon 300pcs",Haig and Lee Import Export Corp.,₱548.00,Non-Cash,Supplies,Store,,,,
"June 30, 2025",,Ivoryway Ice,₱180.00,Cash,Supplies,Store,,,,
"June 30, 2025",,SM Eggs Medium 12s,₱117.00,Cash,Supplies,Store,,,,
"June 29, 2025",Supermarket,Grocery,₱844.00,Cash,Supplies,Store,,,,
"June 29, 2025",,Ivoryway Ice,₱135.00,Cash,Supplies,Store,,,,
"June 28, 2025",,Amazing Appetite Food Corp. Dairy 12L,₱985.60,Non-Cash,Supplies,Store,,,,
"June 28, 2025",6packs,R&BTube Ice,₱135.00,Cash,Supplies,Store,,,,
"June 27, 2025",Grab Mart,Delivery,₱3179.00,Non-Cash,Supplies,Store,,,,
"June 27, 2025",7bags,R&BTube Ice,₱158.00,Cash,Supplies,Store,,,,
"June 27, 2025",Coconut Water500ml2x,Fruitas,₱170.00,Cash,Supplies,Store,,,,
"June 27, 2025",Supermarket,Grocery,₱84.00,Cash,Supplies,Store,,,,
"June 27, 2025",,Egg 12pieces,₱180.00,Cash,Supplies,Store,,,,
"June 27, 2025",,Plain tissue (customer tissue) 10 packs,₱414.40,Non-Cash,Supplies,Store,,,,
"June 26, 2025",Cookies,Kukido,₱1470.00,Non-Cash,Supplies,Store,,,,
"June 26, 2025",Lalamove,Delivery,₱180.00,Cash,Supplies,Store,,,,
"June 26, 2025",Coconut Water500ml,Fruitas,₱85.00,Cash,Supplies,Store,,,,
"June 25, 2025",,Ivoryway ice,₱157.50,Cash,Supplies,Store,,,,