filename,username,display_name,notes,story_date,story_time,frame_type,content_type
001_chrissielovesmatcha.png,chrissielovesmatcha,,5th anniversary tribute; matcha-journey throwback at expo booth,2026-07-21,8:54 PM,framed,other
002_joyceeeee0702.png,joyceeeee0702,,matcha latte + menu board at Podium,2026-07-21,11:32 PM,framed,drink
003_endreyep.png,endreyep,,two Matchanese cups,2026-07-21,11:32 PM,framed,drink
004_jessicaphi_.png,jessicaphi_,,sea salt matchanese latte,2026-07-22,1:56 PM,framed,drink
005_matchawithtin.png,matchawithtin,,pop-up at SM Aura Premier,2026-07-22,6:56 PM,framed,drink
006_rara_adventures.png,rara.adventures,,"signature matcha latte lvl 2, oat milk",2026-07-22,6:57 PM,framed,drink
007_amanda_ching_.png,amanda_ching_,,Spanish matcha latte at SM Aura,2026-07-22,7:09 PM,framed,drink
008_matchaontoph.png,matchaontoph,,Matchamponado being made; handle resembles account owner - verify before draw,2026-07-22,8:57 PM,framed,drink
009_kaaatastrophe.png,kaaatastrophe,,Matchanese Cloud 200% via Grab (verified account),2026-07-23,12:00 AM,framed,drink
010_kaaatastrophe.png,kaaatastrophe,,reposted DM/order screenshot about 200% order,2026-07-23,12:00 AM,framed,other
011_irishsanchezz.png,irishsanchezz,,matcha latte + ice cream at Matchanese bar,2026-07-23,12:01 AM,framed,drink
012_ririii_1917.png,ririii_1917,,signature + seasalt matcha latte,2026-07-23,12:02 AM,framed,drink
013_smcrg__1_3.png,smcrg__1.3,,Matchamponado,2026-07-23,2:30 PM,framed,drink
014_chasingaftersleep.png,chasingaftersleep,,Matchamponado,2026-07-23,2:30 PM,framed,drink
015_rianexie.png,rianexie,,,2026-07-23,2:31 PM,framed,drink
016_cathteetorres.png,cathteetorres,,storefront/kiosk clip,2026-07-23,8:13 PM,framed,store
017_cathteetorres.png,cathteetorres,,two matcha lattes,2026-07-23,8:50 PM,framed,drink
018_ayejhang.png,ayejhang,,,2026-07-23,9:43 PM,framed,drink
019_matchaholikat.png,matchaholikat,,"Matchamporado Latte, SM Aura exclusive",2026-07-23,9:44 PM,framed,drink
020_patesguerra12.png,patesguerra12,,,2026-07-23,9:44 PM,framed,drink
021_supershobe.png,supershobe,,short walking video clip,2026-07-23,9:50 PM,framed,other
022_ali_caneat.png,ali.caneat,,matcha seasalt latte,2026-07-23,9:50 PM,framed,drink
023_heyitsshanti_.png,heyitsshanti_,,at SM Aura,2026-07-23,9:50 PM,framed,drink
024_ugc_naomeow.png,ugc.naomeow,,,2026-07-23,9:51 PM,framed,drink
025_itskittyyyy_.png,itskittyyyy_,,,2026-07-23,9:51 PM,framed,drink
026__miyacah.png,_miyacah,,,2026-07-24,1:20 AM,framed,drink
027_daphsnapsco.png,daphsnapsco,,"matcha whisking + cup, SM Aura Premier",2026-07-24,8:08 AM,framed,drink
028_shantin_png.png,shantin.png,,,2026-07-24,8:09 AM,framed,drink
029_renzofrog.png,renzofrog,,free anniversary sticker sheet,2026-07-24,7:33 PM,framed,merch
030_nmvldz.png,nmvldz,,,2026-07-24,7:50 PM,framed,drink
031__heathersuzuki.png,_heathersuzuki,,,2026-07-24,7:50 PM,framed,drink
032_jasedumlao.png,jasedumlao,,credits brand for teaching her to make matcha (workshop mention),2026-07-24,7:50 PM,framed,drink
033_ashiedp_.png,ashiedp_,,"SM Southmall pop-up, storefront + drinks",2026-07-24,10:02 PM,framed,drink
034_vanillabeawn.png,vanillabeawn,,matcha seasalt latte,2026-07-26,10:41 AM,framed,drink
035_vanillabeawn.png,vanillabeawn,,matcha prep + cup,2026-07-26,10:41 AM,framed,drink
036_amphibian556.png,amphibian556,,at The Podium,2026-07-26,10:41 AM,framed,drink
037_merylmedel.png,merylmedel,,,2026-07-26,10:41 AM,framed,drink
038_joshpads.png,joshpads,,signature matcha latte lvl 2,2026-07-26,1:39 PM,framed,drink
039_mrhjshn.png,mrhjshn,,matcha pour,2026-07-26,1:39 PM,framed,drink
040_miyeylvrr.png,miyeylvrr,,earl grey matcha latte + stickers,2026-07-26,2:10 PM,framed,drink
041_clarwhisks.png,clarwhisks,,"matcha workshop invite, tasting flights + worksheets",2026-07-26,2:22 PM,framed,workshop
042_ashmincarlos.png,ashmincarlos,,matchamporado prep,2026-07-26,3:28 PM,framed,drink
043_ashmincarlos.png,ashmincarlos,,"seasalt latte + matchamporado latte, SM Aura pop-up",2026-07-26,3:28 PM,framed,drink
044_ashmincarlos.png,ashmincarlos,,selfie video clip,2026-07-26,3:28 PM,framed,other
045_missvstories.png,missvstories,,,2026-07-26,3:32 PM,framed,drink
046_matcha___kit.png,matcha._.kit,,drink + free stickers,2026-07-26,4:24 PM,framed,drink
047_moira_dr.png,moira.dr,,"pre-event drink, matcha pour",2026-07-26,4:24 PM,framed,drink
048_sipmatchawsop.png,sipmatchawsop,,MOA stall,2026-07-26,4:24 PM,framed,drink
049_nicasoledad.png,nicasoledad,,"Matchanese Day workshop, aprons + drinks",2026-07-26,4:25 PM,framed,workshop
050_nicasoledad.png,nicasoledad,,matcha workshop tasting mat,2026-07-26,4:25 PM,framed,workshop
051_edge_castillo.png,edge_castillo,,"giveaway entry, SM Aura pop-up",2026-07-26,4:37 PM,framed,drink
052_nutellatangco.png,nutellatangco,,"signature matcha latte, oat",2026-07-26,4:38 PM,framed,drink
053_lnnlynrngvll_.png,lnnlynrngvll_,,"matcha + hojicha + stickers, SM Southmall",2026-07-26,4:38 PM,framed,drink
054_leys_ronga.png,leys.ronga,,sea salt matcha + hojicha,2026-07-26,4:38 PM,framed,drink
055_heyitsshanti_.png,heyitsshanti_,,two matcha lattes,2026-07-26,5:26 PM,framed,drink
056_daijin_and_jiji.png,daijin_and_jiji,,afternoon matcha date + stickers + cat,2026-07-26,6:30 PM,framed,drink
057_the_godfooder.png,the.godfooder,,,2026-07-26,6:50 PM,framed,drink
058_doughrybakery.png,doughrybakery,,earl grey matcha latte,2026-07-26,6:50 PM,framed,drink
059__velascocha.png,_velascocha,,drink + stickers,2026-07-26,6:50 PM,framed,drink
060_mooniena.png,mooniena,,MSL + stickers,2026-07-26,6:51 PM,framed,drink
061_eluh_ment.png,eluh.ment,,hojicha sea salt latte,2026-07-26,6:51 PM,framed,drink
062_brajankarlo.png,brajankarlo,,hojicha latte,2026-07-26,6:51 PM,framed,drink
063_jatstansngl.png,jatstansngl,,three signature matcha lattes,2026-07-26,6:51 PM,fullscreen,drink
064_uskjn.png,uskjn,,"go-to for work, four-photo collage",2026-07-26,7:50 PM,fullscreen,drink
065_ugc_naomeow.png,ugc.naomeow,,matchamporado (M.Cham) reel,2026-07-26,10:15 PM,framed,drink
066_ugc_naomeow.png,ugc.naomeow,,matcha-making at workshop station,2026-07-27,12:14 AM,framed,workshop
067_aj_anne___.png,aj.anne___,,seasalt latte 6g + free stickers,2026-07-27,11:48 AM,framed,drink
068_katrinadelacruzz.png,katrinadelacruzz,,two drinks + sticker sheets,2026-07-27,11:49 AM,framed,drink
069_cxrbonite.png,cxrbonite,,,2026-07-27,11:49 AM,framed,drink
070__beamxn.png,_beamxn,,,2026-07-27,11:50 AM,framed,drink
071_czrnajulia.png,czrnajulia,,four-photo collage,2026-07-27,11:50 AM,framed,drink
072_juliaaspe.png,juliaaspe,,hojicha,2026-07-27,11:50 AM,framed,drink
073_bea_aal.png,bea.aal,,drink + stickers,2026-07-27,11:50 AM,framed,drink
074_zaydaxrose.png,zaydaxrose,,,2026-07-27,11:51 AM,framed,drink
075_aranamichelle_.png,aranamichelle_,,MSL + MES,2026-07-27,11:51 AM,framed,drink
076_lesleymishaa.png,lesleymishaa,,,2026-07-27,11:51 AM,framed,drink
077_la_aler.png,la.aler,,,2026-07-27,12:02 PM,framed,drink
078__angelicaalbano.png,_angelicaalbano,,hojicha sea salt latte + stickers,2026-07-27,12:36 PM,framed,drink
079_kimberlytbg.png,kimberlytbg,,"Matcha Workshop, Lanson Place Hall of Asia",2026-07-27,3:49 PM,framed,workshop
080_kimberlytbg.png,kimberlytbg,,come-with-me vlog intro clip,2026-07-27,3:49 PM,framed,other
081_itsbeabe.png,itsbeabe,,"earl grey matcha latte, oat",2026-07-27,3:50 PM,framed,drink
082_lykieverzosa.png,lykieverzosa,,matcha seasalt latte,2026-07-27,3:50 PM,framed,drink
083_vinamrtnz.png,vinamrtnz,,matcha seasalt latte,2026-07-27,3:50 PM,framed,drink
084_alya_nna.png,alya.nna,,MSL lvl 2,2026-07-27,3:51 PM,framed,drink
085_3clarisma.png,3clarisma,,drink + stickers + cat,2026-07-27,5:15 PM,framed,drink
086_rygelart_trad.png,rygelart.trad,,anniversary greeting + stickers,2026-07-27,5:16 PM,framed,drink
087_rialecxa.png,rialecxa,,hojicha pour + stickers,2026-07-27,5:44 PM,framed,drink
088__daily_with_b.png,_daily.with.b,,signature matcha latte,2026-07-27,5:44 PM,framed,drink
089_eamiyummy.png,eamiyummy,,"salted cream matcha latte, MOA Arena",2026-07-27,5:44 PM,framed,drink
